age,sex,bmi,children,smoker,region,charges
52,female,40.19,5,no,northwest,13973.29
31,male,34.35,4,yes,southeast,36483.2
34,female,32.35,3,yes,southeast,35150.03
23,male,38.7,1,yes,northwest,26125.03
32,male,21.91,2,yes,southwest,47980.65
58,male,24.44,0,no,northeast,2729.18
40,female,34.31,4,no,southeast,2750.01
62,male,27.9,0,yes,southeast,41937.17
32,female,25.98,3,yes,northeast,32816.5
45,female,34.36,4,no,southeast,5619.91
25,female,21.36,2,no,northeast,13812.13
53,female,32.6,5,yes,northeast,50599.04
59,male,27.28,2,yes,southeast,28983.65
29,male,26.24,3,yes,southeast,37894.42
52,male,40.81,4,no,southeast,2124.49
31,female,35.08,0,yes,northeast,32621.71
36,male,35.97,3,no,southwest,13597
39,male,22.34,4,no,southeast,4155.59
32,male,25.91,0,yes,northwest,31894.52
30,female,29.35,2,no,southeast,13229.34
53,male,25,3,yes,northeast,24052.63
36,female,21.68,4,yes,southwest,51728.9
43,female,29.69,0,no,northeast,8871.67
47,male,27.24,1,yes,southwest,24696.7
39,female,25.3,2,no,southeast,6067.85
26,male,41.72,2,no,southeast,10402.12
40,male,37.73,2,yes,northwest,50338.39
57,female,23.77,5,yes,southeast,42837.91
48,male,24.09,2,yes,northeast,43972.02
46,male,39.44,5,no,southwest,7174.14
61,male,34.93,5,no,southwest,15340.45
51,male,28.88,2,no,northwest,5897.99
37,female,34.9,2,no,northeast,10760.42
31,male,29.99,0,no,northeast,12218.58
27,female,19.9,0,yes,southeast,51975.39
62,male,26.05,3,yes,southeast,30564.41
62,male,26.95,4,no,southeast,2521.62
40,male,23.17,0,no,northeast,9748.32
38,female,40.71,4,no,southwest,12081.97
34,female,37.18,0,yes,northwest,38474.7
25,male,36.77,4,yes,southwest,40583.11
43,female,38.16,3,yes,northeast,44272.54
28,male,25.02,2,yes,southeast,49471.97
29,female,21.99,0,yes,southeast,40523.2
46,male,40.76,0,yes,northwest,34461.76
62,male,31.72,1,yes,southeast,47030.67
36,female,27.41,1,yes,southeast,50810.11
59,female,23.34,1,yes,southeast,39580.93
24,female,39.15,0,no,northwest,7563.7
52,female,27.58,4,yes,northwest,46969.18
31,male,20.18,3,yes,southwest,41802.58
31,male,25.7,2,yes,northeast,31201.96
33,male,31.26,2,no,southwest,16166.5
48,male,24.72,0,no,northeast,6280.01
50,female,34.48,1,no,northwest,6891.48
35,male,19.78,1,yes,northwest,51576.54
23,male,19.2,2,no,northwest,14055.03
43,male,29.17,4,yes,southeast,27045.74
26,male,22.17,3,yes,northeast,27789.31
24,male,37.86,3,no,northwest,7102.27
28,male,22.76,5,yes,northeast,26288.43
20,female,36.26,3,yes,southeast,36256.57
48,male,30.19,3,no,northeast,16834.67
45,female,21.96,1,yes,northeast,34678.69
56,female,38.96,5,yes,northwest,39153.47
36,male,27.92,1,yes,northwest,29053.14
24,male,19.07,4,no,southwest,14997.52
29,male,24.54,4,yes,northeast,51240.29
50,male,23.15,1,no,southeast,14420.51
59,male,27.01,4,no,northwest,9397.63
25,female,23.81,4,no,northwest,14341.18
26,female,34.47,3,no,southwest,5152
48,male,32.53,3,no,southwest,2948.75
62,female,18.26,5,no,southeast,12442.01
58,female,25.46,5,no,northeast,12944.62
24,female,31.69,2,yes,northeast,23863.22
42,male,22.33,3,yes,southeast,45886.9
33,male,39.32,2,yes,southwest,49844.58
44,female,38.39,0,no,southwest,12816.84
53,male,22.01,2,no,northwest,7461.65
